Date,Open,High,Low,Close,Change,Percent_Change,Volume,Turnover
2022-10-17,194.80,214.20,194.80,214.20,,0,,202785.00
2022-10-19,218.40,235.60,218.40,235.60,,9.99,,972922.80
2022-10-20,240.30,259.10,240.30,259.10,,9.97,,1085641.40
2022-10-23,264.20,285.00,264.20,285.00,,10,,406202.00
2022-10-31,290.70,313.50,290.70,313.50,,10,,2904644.50
2022-11-01,319.70,326.00,284.20,312.00,,-0.48,,7741304.10
2022-11-02,318.20,324.00,301.00,314.90,,0.93,,2744784.00
2022-11-03,313.00,314.00,302.00,310.00,,-1.56,,857149.00
2022-11-06,303.80,316.00,300.00,314.90,,1.58,,1081365.00
2022-11-07,309.00,320.50,307.30,310.80,,-1.3,,1183644.00
2022-11-08,304.70,310.00,301.30,310.00,,-0.26,,1269395.80
2022-11-09,304.10,307.50,296.10,305.00,,-1.61,,709359.00
2022-11-10,299.00,305.00,296.00,302.90,,-0.69,,813470.00
2022-11-13,296.90,305.00,291.10,299.90,,-0.99,,14875.00
2022-11-14,294.00,306.50,290.30,300.10,,0.07,,2940.00
2022-11-15,300.00,312.10,290.20,306.10,,2,,109486.00
2022-11-16,312.20,316.20,300.90,316.20,,3.3,,1665368.00
2022-11-17,322.00,347.80,316.00,347.80,,9.99,,2544983.00
2022-11-22,354.70,382.50,341.00,361.00,,3.8,,4528371.10
2022-11-23,362.00,365.00,347.60,365.00,,1.11,,3522782.40
2022-11-24,365.00,375.30,357.00,375.30,,2.82,,1197333.00
2022-11-27,367.80,376.00,362.00,376.00,,0.19,,1400369.50
2022-11-28,381.00,381.00,362.60,363.00,,-3.46,,1067119.00
2022-11-29,356.00,370.00,356.00,367.00,,1.1,,480632.00
2022-11-30,360.00,364.00,355.00,364.00,,-0.82,,678428.00
2022-12-01,364.00,371.20,355.00,355.00,,-2.47,,1442469.00
2022-12-04,350.00,378.70,350.00,353.00,,-0.56,,2030483.00
2022-12-05,347.10,365.00,347.10,364.00,,3.12,,923079.50
2022-12-06,360.00,362.00,354.00,356.00,,-2.2,,481712.00
2022-12-07,350.60,359.10,350.60,359.00,,0.84,,1079125.00
2022-12-11,351.90,362.00,346.00,350.00,,-2.51,,951752.00
2022-12-12,343.00,357.00,343.00,352.00,,0.57,,557031.00
2022-12-13,345.10,352.00,345.10,350.00,,-0.57,,271766.00
2022-12-14,345.00,362.00,345.00,358.00,,2.29,,934690.00
2022-12-15,358.00,361.00,344.30,350.00,,-2.23,,1323703.50
2022-12-18,343.10,350.00,335.00,349.00,,-0.29,,790657.50
2022-12-19,342.10,347.00,335.30,347.00,,-0.57,,584011.00
2022-12-20,340.10,350.00,336.00,349.90,,0.84,,469070.00
2022-12-21,353.90,353.90,335.00,339.90,,-2.86,,848726.00
2022-12-22,333.60,373.80,333.60,358.00,,5.33,,1055405.50
2022-12-26,350.90,365.00,346.00,364.00,,1.68,,1092960.00
2022-12-27,370.00,371.20,350.20,365.00,,0.27,,3545705.80
2022-12-28,365.00,365.00,350.00,359.00,,-1.64,,1090746.00
2022-12-29,352.00,373.00,345.00,372.00,,3.62,,1842340.50
2023-01-01,371.00,390.00,360.00,369.00,,-0.81,,2895679.00
2023-01-02,361.70,383.50,360.00,375.00,,1.63,,799948.00
2023-01-03,382.50,385.00,366.10,378.00,,0.8,,4487503.20
2023-01-04,375.00,410.00,375.00,400.00,,5.82,,1790190.10
2023-01-05,395.00,425.00,388.00,425.00,,6.25,,2346118.00
2023-01-08,416.50,435.00,403.20,412.00,,-3.06,,1984146.00
2023-01-09,410.00,419.80,398.00,416.00,,0.97,,3110364.10
2023-01-10,424.30,430.00,385.40,390.00,,-6.25,,4902028.50
2023-01-12,397.80,410.90,388.00,388.00,,-0.51,,5640960.00
2023-01-17,390.00,421.20,382.20,419.00,,7.99,,2335715.00
2023-01-18,412.00,447.00,407.70,417.00,,-0.48,,7367365.40
2023-01-19,409.00,415.00,395.00,407.80,,-2.21,,2299616.00
2023-01-23,399.70,416.00,399.70,401.30,,-1.59,,1866590.00
2023-01-24,395.00,410.00,390.00,410.00,,2.17,,1985086.40
2023-01-25,402.00,430.00,402.00,418.20,,2,,3132869.00
2023-01-26,410.00,446.70,410.00,439.90,,5.19,,3868375.00
2023-01-29,431.20,483.80,420.00,483.00,,9.8,,10479321.10
2023-01-30,480.00,518.10,446.00,455.00,,-5.8,,7612670.50
2023-01-31,447.00,475.00,440.00,462.10,,1.56,,4283020.00
2023-02-01,453.70,495.00,453.70,487.00,,5.39,,7384060.20
2023-02-02,495.00,510.00,469.00,492.90,,1.21,,9580975.10
2023-02-05,492.00,494.00,465.10,475.00,,-3.63,,3411561.00
2023-02-06,466.00,470.10,455.00,464.00,,-2.32,,2910028.00
2023-02-07,463.00,481.00,457.00,481.00,,3.66,,2322515.00
2023-02-08,486.00,487.00,456.00,470.00,,-2.29,,5708429.50
2023-02-09,470.00,488.90,457.60,483.00,,2.77,,4232276.00
2023-02-12,474.00,506.00,468.00,497.00,,2.9,,13085040.90
2023-02-14,488.00,520.20,488.00,499.90,,0.58,,4552891.80
2023-02-15,490.00,515.00,485.00,487.00,,-2.58,,1219613.00
2023-02-16,479.10,486.00,471.20,480.00,,-1.44,,3322309.30
2023-02-20,471.50,474.00,455.00,470.00,,-2.08,,2254005.80
2023-02-22,469.00,494.00,465.10,482.00,,2.55,,1825967.50
2023-02-23,472.40,499.00,453.90,460.00,,-4.56,,1943701.00
2023-02-26,451.00,468.00,442.00,450.00,,-2.17,,3123202.10
2023-02-27,442.10,478.60,425.00,449.00,,-0.22,,5551163.00
2023-02-28,457.00,473.00,443.00,459.60,,2.36,,1798909.00
2023-03-01,452.00,460.00,451.10,459.90,,0.07,,296028.00
2023-03-02,462.90,462.90,445.00,445.00,,-3.24,,1265461.50
2023-03-05,440.00,445.00,430.00,438.60,,-1.44,,1623439.50
2023-03-07,447.30,447.30,432.10,434.20,,-1,,323272.00
2023-03-09,442.00,467.10,433.20,460.00,,5.94,,1524716.00
2023-03-12,451.00,461.00,444.00,450.00,,-2.17,,2292113.50
2023-03-13,441.00,444.00,434.20,444.00,,-1.33,,712487.00
2023-03-14,438.00,460.80,436.20,450.00,,1.35,,1058446.50
2023-03-15,450.00,451.10,441.10,448.00,,-0.44,,1198611.20
2023-03-16,439.10,456.80,439.10,455.00,,1.56,,594021.00
2023-03-19,446.10,460.00,440.00,458.00,,0.66,,1673322.00
2023-03-20,459.00,463.50,451.00,460.00,,0.44,,1519324.00
2023-03-22,451.00,452.20,442.20,449.00,,-2.39,,1096066.00
2023-03-23,449.00,449.00,428.50,438.00,,-2.45,,2887152.50
2023-03-26,430.00,436.00,422.30,429.00,,-2.05,,1954301.00
2023-03-27,420.60,433.00,420.60,433.00,,0.93,,1162145.00
2023-03-28,424.70,440.00,424.70,435.00,,0.46,,1115312.00
2023-03-29,426.40,443.00,425.00,442.40,,1.7,,522655.00
2023-03-30,433.70,441.90,427.00,440.00,,-0.54,,722207.90
2023-04-02,440.00,448.80,418.60,425.00,,-3.41,,1208986.00
2023-04-03,418.10,425.30,412.00,422.20,,-0.66,,583520.00
2023-04-04,429.90,429.90,414.00,422.00,,-0.05,,215970.60
2023-04-05,413.60,429.50,406.70,426.00,,0.95,,189367.00
2023-04-06,417.70,425.00,410.60,411.00,,-3.52,,588619.00
2023-04-09,403.00,410.00,395.00,398.00,,-3.16,,869240.00
2023-04-10,390.50,400.00,386.00,395.00,,-0.75,,668638.00
2023-04-11,395.10,405.00,392.00,392.00,,-0.76,,766272.00
2023-04-12,393.00,431.20,393.00,428.80,,9.39,,1751666.00
2023-04-13,420.30,445.00,412.20,416.00,,-2.99,,1422215.90
2023-04-16,408.00,420.00,402.00,411.20,,-1.15,,239678.00
2023-04-17,405.30,410.00,400.10,408.00,,-0.78,,365836.00
2023-04-18,400.00,408.10,400.00,405.00,,-0.74,,201010.00
2023-04-19,405.00,417.50,400.00,417.50,,3.09,,326251.00
2023-04-20,425.00,425.00,405.10,405.60,,-2.85,,298703.00
2023-04-23,397.50,405.00,396.00,396.00,,-2.37,,597809.00
2023-04-24,388.50,405.00,388.50,405.00,,2.27,,562122.00
2023-04-25,397.00,417.80,393.00,417.80,,3.16,,568341.00
2023-04-26,415.00,415.00,399.00,408.00,,-2.35,,986908.00
2023-04-27,399.90,401.50,393.00,395.00,,-3.19,,1158310.00
2023-04-30,390.00,395.00,387.30,393.00,,-0.51,,307719.00
2023-05-02,391.00,391.00,381.00,387.00,,-1.53,,438795.10
2023-05-03,379.30,390.00,374.50,376.50,,-2.71,,239342.00
2023-05-04,370.20,414.00,370.20,408.00,,8.37,,357538.00
2023-05-07,399.90,399.90,379.90,384.90,,-5.66,,307112.00
2023-05-08,377.30,380.00,369.90,374.00,,-2.83,,387326.50
2023-05-09,367.00,389.00,367.00,368.10,,-1.58,,281603.00
2023-05-10,368.10,390.40,354.00,375.00,,1.87,,107084.00
2023-05-11,370.00,377.00,368.00,368.00,,-1.87,,311068.00
2023-05-14,360.70,367.00,355.20,360.00,,-2.17,,147348.00
2023-05-15,353.00,367.20,353.00,367.00,,1.94,,155580.00
2023-05-16,359.70,360.00,355.00,360.00,,-1.91,,42977.00
2023-05-17,353.00,370.00,353.00,370.00,,2.78,,408969.00
2023-05-18,365.00,387.90,365.00,387.00,,4.59,,783900.00
2023-05-21,387.00,394.60,381.30,392.00,,1.29,,847005.00
2023-05-22,385.00,385.00,376.80,384.50,,-1.91,,825326.00
2023-05-23,384.00,402.00,384.00,402.00,,4.55,,1718825.00
2023-05-24,400.00,408.00,388.20,398.80,,-0.8,,551603.00
2023-05-28,406.60,430.00,389.00,389.00,,-2.46,,1346145.60
2023-05-30,381.60,381.90,360.70,360.70,,-7.28,,994911.90
2023-05-31,360.60,394.00,360.00,368.90,,2.27,,739430.60
2023-06-01,368.00,380.00,355.00,366.10,,-0.76,,176516.00
2023-06-04,368.00,387.00,368.00,385.00,,5.16,,756917.50
2023-06-05,380.00,385.00,373.10,380.00,,-1.3,,163997.00
2023-06-06,372.40,384.00,372.40,384.00,,1.05,,560484.60
2023-06-07,384.00,400.00,384.00,385.00,,0.26,,1171952.20
2023-06-08,378.00,388.00,378.00,388.00,,0.78,,663096.00
2023-06-11,380.50,396.20,380.50,395.00,,1.8,,1143134.00
2023-06-12,387.10,390.00,380.60,390.00,,-1.27,,679214.70
2023-06-13,382.50,404.90,382.50,400.10,,2.59,,1239287.00
2023-06-14,397.00,418.80,397.00,403.00,,0.72,,2411149.20
2023-06-15,410.80,411.00,388.00,400.90,,-0.52,,1898189.00
2023-06-18,395.00,429.80,395.00,424.00,,5.76,,1712499.00
2023-06-19,415.60,423.90,411.10,423.90,,-0.02,,2079215.00
2023-06-20,420.00,430.00,401.90,414.00,,-2.34,,683432.80
2023-06-21,406.00,414.00,398.00,405.00,,-2.17,,1173370.00
2023-06-22,396.90,399.00,388.50,391.00,,-3.46,,1625876.00
2023-06-25,385.00,398.00,376.60,390.00,,-0.26,,2104372.50
2023-06-26,391.00,402.00,383.10,383.10,,-1.77,,2238682.00
2023-06-27,390.70,398.50,378.80,390.00,,1.8,,436667.00
2023-06-28,390.00,408.00,380.00,408.00,,4.62,,1596132.80
2023-07-02,399.90,404.80,376.00,386.00,,-5.39,,1736678.60
2023-07-03,378.80,390.00,365.10,365.10,,-5.41,,1606394.40
2023-07-04,363.10,385.20,363.10,376.00,,2.99,,189902.00
2023-07-05,372.00,383.00,362.00,364.00,,-3.19,,1045947.00
2023-07-06,357.00,370.00,351.00,355.80,,-2.25,,1280817.50
2023-07-09,351.00,370.20,351.00,368.00,,3.43,,1334353.00
2023-07-10,361.10,383.00,357.70,362.10,,-1.6,,1552810.00
2023-07-11,355.00,365.00,350.60,364.00,,0.52,,1076663.50
2023-07-12,357.10,381.90,357.10,380.00,,4.15,,684915.00
2023-07-13,387.50,390.00,359.10,376.00,,-1.05,,965256.80
2023-07-16,368.50,368.50,357.30,365.00,,-2.93,,158760.00
2023-07-17,357.70,379.00,351.10,375.00,,2.74,,665185.00
2023-07-18,367.50,379.00,361.10,375.00,,0,,727551.00
2023-07-19,382.00,382.00,355.00,377.00,,0.53,,1117330.00
2023-07-20,369.50,375.00,356.00,359.00,,-4.77,,1359187.00
2023-07-23,352.00,384.00,352.00,380.00,,5.85,,1212029.90
2023-07-24,372.40,386.50,370.00,382.00,,0.53,,1985385.70
2023-07-25,382.00,389.00,365.00,369.00,,-3.4,,1190312.00
2023-07-26,374.40,379.00,365.00,365.00,,0.81,,743050.00
2023-07-27,372.20,372.20,357.10,367.00,,0.55,,1069118.60
2023-07-30,360.00,372.90,358.00,364.00,,-0.82,,1144559.00
2023-07-31,357.30,371.00,357.30,367.00,,0.82,,386600.70
2023-08-01,359.80,374.30,354.20,364.00,,-0.82,,651008.00
2023-08-02,356.80,378.00,353.90,378.00,,3.85,,564937.00
2023-08-03,385.50,385.50,364.10,370.00,,-2.12,,398536.00
2023-08-06,377.00,377.00,351.00,359.00,,-2.97,,420655.00
2023-08-07,366.10,379.00,346.00,346.00,,-3.62,,1252658.10
2023-08-08,346.00,373.30,340.60,343.00,,-0.87,,423349.00
2023-08-09,343.00,360.90,337.30,360.90,,5.22,,585231.10
2023-08-10,353.70,365.90,347.10,365.80,,1.36,,549084.30
2023-08-13,358.50,367.00,346.00,365.00,,-0.22,,611516.80
2023-08-14,357.70,359.00,347.40,359.00,,-1.64,,677969.00
2023-08-15,351.90,368.00,341.40,361.00,,0.56,,2669540.10
2023-08-16,353.80,353.80,333.90,353.70,,-2.02,,1305315.80
2023-08-17,356.50,356.50,336.00,352.00,,-0.48,,445258.30
2023-08-20,345.00,351.00,332.60,335.00,,-4.83,,125495.00
2023-08-21,341.70,353.00,322.10,344.70,,2.9,,570445.30
2023-08-22,340.00,348.00,329.00,346.80,,0.61,,927022.80
2023-08-23,352.00,352.00,333.40,349.00,,0.63,,201991.50
2023-08-24,342.10,348.90,335.50,348.00,,-0.29,,369172.00
2023-08-27,341.10,341.80,334.40,341.00,,-2.01,,253824.00
2023-08-28,334.20,341.00,321.00,335.90,,-1.5,,1075238.50
2023-08-29,329.40,332.00,323.50,332.00,,-1.16,,201501.00
2023-08-30,326.00,335.00,320.50,332.80,,0.24,,135551.20
2023-09-03,326.20,328.00,317.20,318.00,,-4.45,,108920.00
2023-09-04,317.20,319.00,311.00,318.00,,0,,511588.80
2023-09-05,311.90,320.00,311.80,311.80,,-1.95,,268933.00
2023-09-07,305.70,317.40,294.00,317.40,,1.8,,452159.00
2023-09-10,312.00,322.50,301.00,319.00,,0.5,,311092.40
2023-09-11,313.00,342.90,307.10,342.90,,7.49,,863273.00
2023-09-12,336.10,336.10,320.10,335.90,,-2.04,,1389588.90
2023-09-13,329.20,341.90,324.00,341.90,,1.79,,395383.80
2023-09-17,339.10,339.10,318.00,339.00,,-0.85,,312830.00
2023-09-19,332.30,345.60,319.30,344.00,,1.47,,1385900.00
2023-09-21,350.00,375.00,340.00,371.20,,7.91,,2722602.70
2023-09-24,363.80,363.80,350.20,359.00,,-3.29,,711564.00
2023-09-25,352.00,394.80,352.00,391.60,,9.08,,6091684.70
2023-09-26,384.00,423.00,384.00,410.20,,4.75,,6838098.00
2023-09-27,402.00,405.00,385.00,390.00,,-4.92,,1757333.50
2023-10-01,390.00,429.00,386.00,429.00,,10,,23597731.30
2023-10-02,437.50,471.90,437.50,471.90,,10,,14819388.50
2023-10-03,479.90,517.00,462.00,493.00,,4.47,,8849070.50
2023-10-04,483.20,536.00,464.70,485.00,,-1.62,,15586871.20
2023-10-05,476.00,518.00,465.00,467.00,,-3.71,,9215784.10
2023-10-08,476.30,513.00,443.20,480.00,,2.78,,16152827.70
2023-10-09,480.00,513.00,480.00,513.00,,6.87,,11238806.20
2023-10-10,502.80,550.00,495.00,495.20,,-3.47,,7643834.30
2023-10-11,485.30,544.00,485.30,544.00,,9.85,,13113841.60
2023-10-12,533.20,598.00,495.00,598.00,,9.93,,16061653.50
2023-10-16,586.10,586.10,538.20,538.20,,-10,,1390966.30
2023-10-17,527.50,527.50,496.00,516.10,,-4.11,,8143560.10
2023-10-18,506.00,557.00,496.10,503.40,,-2.46,,7614715.00
2023-10-19,495.00,510.00,477.10,477.10,,-5.22,,4019672.70
2023-10-29,486.60,507.60,478.00,494.60,,3.67,,4953502.00
2023-10-30,504.00,504.00,471.00,503.00,,1.7,,895672.00
2023-10-31,493.00,510.10,472.10,510.10,,1.41,,4391197.00
2023-11-01,499.90,558.00,480.20,558.00,,9.39,,6377064.80
2023-11-02,547.00,547.00,502.20,502.20,,-10,,2433883.00
2023-11-05,493.00,502.10,460.10,485.00,,-3.42,,742128.50
2023-11-06,493.00,493.00,475.00,476.00,,-1.86,,1924617.60
2023-11-07,485.50,505.10,470.20,480.00,,0.84,,2858317.00
2023-11-08,485.00,485.00,450.00,474.00,,-1.25,,5220893.00
2023-11-09,464.60,507.00,443.10,507.00,,6.96,,6465863.90
2023-11-20,496.90,496.90,456.30,456.30,,-10,,11615610.00
2023-11-21,447.20,483.00,434.00,480.00,,5.19,,6303423.30
2023-11-22,489.60,489.60,432.00,440.90,,-8.15,,16320742.90
2023-11-23,432.30,442.00,418.10,433.50,,-1.68,,5160335.00
2023-11-26,425.10,439.60,422.50,428.00,,-1.27,,5170154.80
2023-11-27,420.00,428.00,411.60,419.00,,-2.1,,6893768.90
2023-11-28,419.90,427.00,396.00,409.00,,-2.39,,12340679.90
2023-11-29,409.00,411.00,402.00,408.90,,-0.02,,1637950.40
2023-11-30,401.20,409.90,392.00,392.00,,-4.13,,5020618.90
2023-12-03,385.40,406.00,385.40,391.20,,-0.2,,1709052.00
2023-12-04,386.00,406.00,386.00,400.00,,2.25,,5649516.60
2023-12-05,403.00,403.00,389.90,389.90,,-2.52,,2055137.50
2023-12-06,397.60,402.00,382.20,385.00,,-1.26,,1885886.10
2023-12-07,392.70,394.70,384.00,386.90,,0.49,,3275854.60
2023-12-10,394.60,418.20,394.60,415.00,,7.26,,1724776.00
2023-12-11,420.00,426.00,390.00,404.90,,-2.43,,11049466.40
2023-12-12,412.90,415.00,399.10,407.10,,0.54,,8902000.20
2023-12-13,415.00,432.00,412.00,430.00,,5.63,,8919912.30
2023-12-14,421.40,450.80,421.40,438.00,,1.86,,6062365.90
2023-12-17,439.00,457.90,430.00,448.00,,2.28,,7364532.90
2023-12-18,456.90,466.00,435.00,440.00,,-1.79,,10414306.50
2023-12-19,447.00,447.00,422.90,438.00,,-0.45,,5107262.50
2023-12-20,438.00,446.00,428.00,432.00,,-1.37,,4965933.50
2023-12-21,424.00,435.00,416.00,418.70,,-3.08,,3808776.50
2023-12-24,420.10,460.50,420.10,460.20,,9.91,,15569700.00
2023-12-27,461.00,501.00,461.00,489.00,,6.26,,16552292.00
2023-12-28,489.00,499.80,475.30,478.50,,-2.15,,5465847.90
2024-01-01,488.00,488.00,455.00,455.00,,-4.91,,5835233.20
2024-01-02,449.00,460.00,449.00,453.00,,-0.44,,3579390.50
2024-01-03,445.20,480.00,445.20,475.00,,4.86,,3231319.00
2024-01-04,484.00,493.00,469.10,470.00,,-1.05,,5905424.00
2024-01-07,475.00,480.00,452.00,458.00,,-2.55,,5489924.90
2024-01-08,467.10,482.00,449.00,473.00,,3.28,,5059573.30
2024-01-09,473.00,493.00,461.10,467.10,,-1.25,,8703579.20
2024-01-10,476.40,476.40,455.80,465.00,,-0.45,,2957035.70
2024-01-11,461.20,482.10,461.20,477.00,,2.58,,3891583.00
2024-01-14,481.00,515.00,481.00,501.00,,5.03,,11710390.50
2024-01-16,505.00,512.00,491.10,500.00,,-0.2,,5264404.70
2024-01-17,500.00,509.00,466.10,467.10,,-6.58,,6549561.50
2024-01-18,461.00,491.60,461.00,479.60,,2.68,,4924765.00
2024-01-21,480.10,483.00,466.10,473.00,,-1.38,,4878636.30
2024-01-22,464.10,470.00,456.10,462.00,,-2.33,,3557984.60
2024-01-23,471.10,471.10,445.00,454.90,,-1.54,,1797766.00
2024-01-24,447.00,464.10,447.00,452.10,,-0.62,,2169896.60
2024-01-25,444.00,478.00,444.00,458.90,,1.5,,2169471.00
2024-01-28,459.00,469.00,452.00,469.00,,2.2,,993121.50
2024-01-29,469.00,477.50,460.00,472.90,,0.83,,1387696.60
2024-01-30,482.00,482.00,472.50,481.90,,1.9,,4047160.30
2024-01-31,481.80,491.50,463.50,468.10,,-2.86,,2749400.70
2024-02-01,468.00,468.00,460.50,462.10,,-1.28,,1160668.50
2024-02-04,453.00,460.00,453.00,460.00,,-0.45,,788125.00
2024-02-05,456.00,469.00,456.00,461.10,,0.24,,713215.00
2024-02-06,454.00,470.00,454.00,460.00,,-0.24,,515054.80
2024-02-07,460.00,487.40,460.00,480.00,,4.35,,3515643.00
2024-02-08,477.00,508.90,473.90,508.90,,6.02,,11458016.10
2024-02-11,499.00,517.59,499.00,500.00,,-1.75,,7612789.50
2024-02-12,507.90,535.00,495.00,525.00,,5,,8572062.50
2024-02-13,530.00,530.00,510.70,520.00,,-0.95,,10914461.30
2024-02-14,530.00,551.00,512.00,523.40,,0.65,,5723612.90
2024-02-15,516.10,530.00,500.00,508.90,,-2.77,,6668430.40
2024-02-18,518.80,529.10,485.00,490.00,,-3.71,,7472502.30
2024-02-20,496.00,496.00,476.00,484.00,,-1.22,,5626338.50
2024-02-21,475.00,502.00,475.00,479.50,,-0.93,,4682162.30
2024-02-22,479.00,497.00,462.10,463.00,,-3.44,,2185410.00
2024-02-25,470.00,479.40,452.00,470.00,,1.51,,2545758.60
2024-02-26,479.00,480.00,461.00,480.00,,2.13,,3330666.00
2024-02-27,471.60,479.00,470.00,475.00,,-1.04,,2165491.00
2024-02-28,475.00,484.00,466.00,473.00,,-0.42,,2846968.00
2024-02-29,473.00,482.40,451.10,457.00,,-3.38,,2328504.60
2024-03-03,448.10,466.10,448.10,457.00,,0,,706073.50
2024-03-04,466.10,475.40,466.10,475.40,,4.03,,14169.00
2024-03-05,484.00,484.00,456.20,465.30,,-2.12,,3707556.60
2024-03-06,457.30,474.10,457.30,465.00,,-0.06,,1613396.50
2024-03-07,474.30,483.50,468.10,479.00,,3.01,,1797379.50
2024-03-10,487.00,496.00,475.00,480.00,,0.21,,1419228.40
2024-03-12,480.00,484.00,467.50,476.00,,-0.83,,2441478.50
2024-03-13,485.00,485.00,470.00,482.00,,1.26,,1410958.90
2024-03-14,485.00,491.00,471.90,473.00,,-1.87,,750179.80
2024-03-17,480.00,480.00,461.10,466.00,,-1.48,,2709870.10
2024-03-18,475.30,483.00,456.50,472.00,,1.29,,1091802.00
2024-03-19,478.00,490.00,463.50,473.90,,0.4,,2082392.00
2024-03-20,483.00,492.00,465.00,469.00,,-1.03,,799706.40
2024-03-21,478.00,478.00,460.20,465.00,,-0.85,,1444666.00
2024-03-25,457.30,474.00,456.00,456.00,,-1.94,,2280514.50
2024-03-26,465.00,471.50,455.70,470.90,,3.27,,2459232.40
2024-03-27,465.00,469.00,463.00,465.00,,-1.25,,1168358.00
2024-03-28,457.00,471.00,457.00,471.00,,1.29,,1240372.30
2024-03-31,464.00,482.60,464.00,479.90,,1.89,,2956953.20
2024-04-01,489.00,489.50,476.10,480.60,,0.15,,3408385.30
2024-04-02,488.00,488.60,478.30,485.80,,1.08,,2583148.10
2024-04-03,476.10,480.50,469.00,480.50,,-1.09,,1513228.00
2024-04-04,472.00,478.00,472.00,472.30,,-1.71,,2433326.00
2024-04-07,470.00,475.00,463.00,469.80,,-0.53,,1495468.00
2024-04-09,470.00,475.80,465.00,469.00,,-0.17,,3646658.80
2024-04-10,478.00,487.80,466.00,473.90,,1.04,,3048488.70
2024-04-14,465.50,483.00,465.50,473.90,,0,,1003771.00
2024-04-15,473.90,476.10,468.30,472.00,,-0.4,,1471623.70
2024-04-16,470.00,472.00,463.90,470.00,,-0.42,,1813748.80
2024-04-18,470.00,479.00,461.00,469.90,,-0.02,,1067233.00
2024-04-21,460.60,469.00,457.20,469.00,,-0.19,,1179535.00
2024-04-22,461.00,474.00,460.80,461.00,,-1.71,,1137987.40
2024-04-24,461.00,469.90,458.00,460.00,,-0.22,,1100203.50
2024-04-25,459.00,463.90,457.20,463.00,,0.65,,1352683.10
2024-04-28,457.10,467.10,457.10,467.10,,0.89,,1752191.20
2024-04-29,460.00,464.00,460.00,460.00,,-1.52,,735123.10
2024-04-30,451.10,477.00,451.10,468.00,,1.74,,1719560.00
2024-05-02,460.00,476.90,460.00,468.00,,0,,1273487.00
2024-05-05,459.00,467.90,443.00,450.00,,-3.85,,2388689.00
2024-05-06,450.00,454.00,445.00,454.00,,0.89,,1579016.70
2024-05-07,450.00,458.00,450.00,458.00,,0.88,,605087.60
2024-05-08,449.00,458.00,448.90,457.70,,-0.07,,345432.00
2024-05-09,450.00,457.00,449.50,453.20,,-0.98,,574804.00
2024-05-12,460.00,474.80,451.00,468.00,,3.27,,867355.00
2024-05-13,458.70,476.70,456.50,460.00,,-1.71,,845742.00
2024-05-14,460.00,475.00,459.70,474.00,,3.04,,1569123.00
2024-05-15,477.00,477.00,463.50,467.00,,-1.48,,1515256.00
2024-05-16,467.00,470.00,452.30,465.00,,-0.43,,1423749.20
2024-05-19,459.00,470.00,459.00,465.00,,0,,1060487.00
2024-05-20,474.30,484.00,466.00,474.90,,2.13,,2408595.00
2024-05-21,483.30,503.00,483.30,502.80,,5.87,,10823636.00
2024-05-22,501.20,509.90,500.00,501.60,,-0.24,,6612575.50
2024-05-26,503.00,503.00,481.20,489.80,,-2.35,,4173448.00
2024-05-27,481.10,503.80,477.10,493.00,,0.65,,5301353.20
2024-05-29,502.00,531.00,484.00,495.00,,0.41,,5959620.50
2024-05-30,504.00,513.00,486.10,500.00,,1.01,,4105612.20
2024-06-02,505.00,510.00,494.00,508.00,,1.6,,3970336.50
2024-06-03,499.60,506.00,495.10,495.80,,-2.4,,2292987.80
2024-06-04,486.00,505.70,486.00,490.00,,-1.17,,1585160.00
2024-06-05,499.10,499.10,480.30,482.80,,-1.47,,1548593.20
2024-06-06,482.00,502.00,482.00,494.70,,2.46,,3648327.00
2024-06-09,503.00,544.00,500.00,539.00,,8.95,,19878385.90
2024-06-10,539.00,585.40,539.00,553.00,,2.6,,16051810.67
2024-06-11,550.00,570.00,550.00,558.00,,0.9,,5631333.30
2024-06-12,558.00,567.00,533.00,533.00,,-4.48,,9746040.20
2024-06-13,543.00,546.00,525.40,534.00,,0.19,,6750218.40
2024-06-16,536.00,552.00,532.00,541.90,,1.48,,5822725.30
2024-06-18,535.00,545.00,531.20,539.00,,-0.54,,3197246.20
2024-06-19,539.00,546.10,534.10,543.50,,0.83,,4361498.60
2024-06-20,554.30,554.30,533.20,534.00,,-1.75,,3335484.40
2024-06-23,528.50,539.00,528.50,537.50,,0.66,,2331820.00
2024-06-24,547.00,559.00,540.60,557.00,,3.63,,8081975.60
2024-06-25,567.80,583.00,563.00,578.00,,3.77,,7880457.50
2024-06-26,575.00,580.00,560.00,561.20,,-2.91,,6356487.20
2024-06-27,565.00,567.00,550.00,554.00,,-1.28,,8403954.40
2024-06-30,555.00,580.00,555.00,564.00,,1.81,,4114154.00
2024-07-01,569.00,569.00,556.00,564.00,,0,,1948573.50
2024-07-02,575.20,586.00,564.00,572.10,,1.44,,8045114.60
2024-07-03,560.90,569.70,555.00,569.70,,-0.42,,5883535.50
2024-07-04,558.50,573.00,558.50,564.60,,-0.9,,2388972.80
2024-07-07,564.00,569.00,555.00,562.00,,-0.46,,3520017.00
2024-07-08,562.00,570.00,556.30,558.00,,-0.71,,3022233.30
2024-07-09,552.00,569.10,552.00,566.00,,1.43,,5054298.80
2024-07-10,561.00,575.00,561.00,572.00,,1.06,,3089209.80
2024-07-11,573.00,585.00,573.00,583.00,,1.92,,7487513.80
2024-07-14,594.00,605.00,580.00,586.20,,0.55,,5398024.40
2024-07-15,595.00,606.00,585.00,599.90,,2.34,,10321846.50
2024-07-16,605.00,649.00,605.00,630.00,,5.02,,12164289.30
2024-07-17,642.60,655.00,618.00,630.00,,0,,12753923.30
2024-07-18,642.60,642.60,615.00,615.00,,-2.38,,13742056.70
2024-07-21,605.10,627.30,605.00,623.90,,1.45,,7416305.20
2024-07-22,636.00,636.00,611.10,629.90,,0.96,,4052401.50
2024-07-23,640.00,642.00,620.00,630.00,,0.02,,10684200.00
2024-07-24,630.00,642.60,617.00,634.00,,0.63,,11168879.00
2024-07-25,646.60,646.60,625.00,625.10,,-1.4,,5987619.00
2024-07-28,637.60,662.00,612.50,620.00,,-0.82,,3112969.60
2024-07-29,620.00,642.60,617.40,628.00,,1.29,,8625076.60
2024-07-30,624.00,650.00,624.00,641.00,,2.07,,8212306.10
2024-07-31,650.00,702.00,640.20,675.00,,5.3,,16652668.50
2024-08-01,661.50,690.00,655.10,662.10,,-1.91,,11054796.70
2024-08-05,650.00,690.00,630.00,680.00,,2.7,,19119689.00
2024-08-06,692.00,720.00,646.80,670.00,,-1.47,,26505929.40
2024-08-07,669.00,715.00,661.00,693.00,,3.43,,7738701.70
2024-08-08,706.80,706.80,669.60,680.00,,-1.88,,13132394.80
2024-08-11,666.40,698.60,666.40,696.00,,2.35,,13855990.00
2024-08-12,698.00,719.00,687.50,698.00,,0.29,,16933096.40
2024-08-13,698.00,714.00,690.10,698.00,,0,,10011222.90
2024-08-14,700.00,725.00,675.00,703.10,,0.73,,14129052.80
2024-08-15,706.00,748.00,706.00,717.00,,1.98,,13934493.90
2024-08-18,705.00,705.00,685.00,699.80,,-2.4,,6717308.00
2024-08-21,685.90,712.90,672.00,680.00,,-2.83,,5770454.00
2024-08-22,667.50,705.00,666.50,670.10,,-1.46,,8955678.20
2024-08-25,680.00,697.00,651.80,663.90,,-0.93,,8818567.90
2024-08-27,663.00,664.10,624.10,635.00,,-4.35,,6695968.20
2024-08-28,630.00,670.00,625.00,650.00,,2.36,,5739490.50
2024-08-29,662.00,662.00,637.00,637.20,,-1.97,,3472105.50
2024-09-01,645.00,660.00,626.00,652.00,,2.32,,2721245.50
2024-09-02,665.00,678.00,628.00,669.90,,2.75,,3919896.10
2024-09-03,669.90,688.00,657.00,670.00,,0.01,,5396021.90
2024-09-04,683.40,683.40,635.10,659.00,,-1.64,,3475939.90
2024-09-05,645.90,669.80,633.00,650.00,,-1.37,,2190628.10
2024-09-08,643.00,662.80,643.00,660.00,,1.54,,3177083.50
2024-09-09,647.00,659.90,635.10,637.80,,-3.36,,1810884.20
2024-09-10,650.00,685.00,639.00,642.00,,0.66,,3183342.90
2024-09-11,640.50,666.90,639.00,655.00,,2.02,,1527338.90
2024-09-12,642.00,693.00,640.10,686.00,,4.73,,9643858.20
2024-09-15,686.00,720.00,680.00,685.00,,-0.15,,14980304.00
2024-09-16,698.00,710.00,662.00,674.90,,-1.47,,5236045.00
2024-09-18,674.00,688.00,661.20,682.00,,1.05,,2875632.00
2024-09-22,685.00,750.20,684.00,730.00,,7.04,,22890527.30
2024-09-23,744.00,745.00,701.10,708.00,,-3.01,,11137843.60
2024-09-24,701.00,720.00,660.30,677.90,,-4.25,,4428955.30
2024-09-25,691.40,709.90,663.40,709.90,,4.72,,5461059.70
2024-09-26,710.00,720.00,678.20,678.20,,-4.47,,4309326.40
2024-09-29,664.70,678.00,640.00,641.00,,-5.49,,9241765.30
2024-09-30,653.80,653.80,625.20,625.20,,-2.46,,4884904.60
2024-10-01,612.70,680.00,612.70,672.00,,7.49,,2040978.00
2024-10-02,658.60,668.00,628.00,664.00,,-1.19,,9814720.40
2024-10-06,650.80,726.80,642.00,692.00,,4.22,,5061562.60
2024-10-07,700.00,700.00,670.00,687.00,,-0.72,,3422119.60
2024-10-08,697.90,697.90,657.00,675.00,,-1.75,,5506314.10
2024-10-09,688.50,694.00,655.10,660.00,,-2.22,,1478467.80
2024-10-15,660.00,690.00,660.00,674.90,,2.26,,2027171.00
2024-10-16,687.00,690.00,663.90,674.90,,0,,2671934.80
2024-10-17,688.00,688.00,662.00,678.30,,0.5,,6192512.20
2024-10-20,670.00,682.00,652.20,667.90,,-1.53,,3090272.40
2024-10-21,655.00,667.90,640.00,645.00,,-3.43,,1969726.80
2024-10-22,657.00,662.80,646.00,650.00,,0.78,,1692206.00
2024-10-23,661.90,670.00,638.00,666.90,,2.6,,6165786.70
2024-10-24,655.50,678.30,655.10,658.00,,-1.33,,4029842.00
2024-10-27,658.00,680.00,654.90,677.00,,2.89,,5420097.70
2024-10-28,684.90,684.90,659.00,681.00,,0.59,,4739289.00
2024-10-29,673.20,693.90,673.10,689.90,,1.31,,3038761.10
2024-10-30,680.00,682.90,665.00,665.00,,-3.61,,2533999.40
2024-11-05,665.00,678.30,661.20,667.00,,0.3,,845624.00
2024-11-06,665.00,688.50,661.00,673.80,,1.02,,2069295.10
2024-11-10,674.00,717.00,666.00,703.00,,4.33,,10227766.10
2024-11-11,717.00,730.90,689.00,699.90,,-0.44,,4533433.30
2024-11-12,709.00,740.00,694.90,717.00,,2.44,,6553963.90
2024-11-13,703.00,739.00,701.00,738.90,,3.05,,6439274.30
2024-11-14,725.00,785.40,725.00,785.40,,6.29,,11581978.50
2024-11-17,801.10,863.90,770.00,796.00,,1.35,,15091379.90
2024-11-19,811.00,843.00,796.00,809.00,,1.63,,18094895.20
2024-11-20,824.00,824.00,793.00,804.00,,-0.62,,6167376.50
2024-11-21,800.00,805.00,755.00,774.00,,-3.73,,7757206.20
2024-11-24,770.00,780.00,750.30,757.00,,-2.2,,4653463.00
2024-11-25,769.00,772.00,751.00,757.00,,0,,6322320.70
2024-11-26,749.20,785.00,749.20,770.10,,1.73,,2532174.70
2024-11-27,785.00,800.70,773.00,789.00,,2.45,,5107681.70
2024-11-28,804.70,820.00,760.00,780.30,,-1.1,,5873915.20
2024-12-01,776.00,779.90,760.00,760.00,,-2.6,,4590563.00
2024-12-02,775.00,799.90,760.00,760.00,,0,,3553641.30
2024-12-03,775.20,790.70,760.00,785.00,,3.29,,4998701.70
2024-12-04,788.00,799.00,775.90,776.00,,-1.15,,6652700.90
2024-12-05,787.90,791.00,770.00,791.00,,1.93,,6624683.50
2024-12-08,797.70,799.90,770.00,782.90,,-1.02,,4742912.80
2024-12-09,782.90,782.90,761.10,775.00,,-1.01,,2526830.50
2024-12-10,790.50,790.50,765.40,767.10,,-1.02,,3981339.50
2024-12-11,762.20,801.00,762.20,795.00,,3.64,,6312388.50
2024-12-12,810.90,810.90,770.00,785.00,,-1.26,,4357915.50
2024-12-16,769.50,830.00,768.00,783.90,,-0.14,,5225141.10
2024-12-17,768.30,783.00,768.00,775.00,,-1.14,,903261.60
2024-12-18,761.20,800.00,761.20,794.00,,2.45,,8153360.70
2024-12-19,779.10,781.20,766.10,776.00,,-2.27,,3384639.40
2024-12-22,772.00,789.00,766.00,786.90,,1.4,,7872154.50
2024-12-23,790.00,865.00,790.00,855.50,,8.72,,39914912.40
2024-12-24,856.10,870.00,826.20,839.90,,-1.82,,8578349.80
2024-12-26,828.20,830.00,808.00,825.00,,-1.77,,7236417.00
2024-12-29,809.10,810.00,760.10,810.00,,-1.82,,13321727.30
2024-12-31,794.00,809.00,763.10,789.00,,-2.59,,10159510.60
2025-01-01,804.70,820.00,758.00,780.00,,-1.14,,5666279.00
2025-01-02,765.10,794.00,765.10,789.00,,1.15,,4769936.60
2025-01-05,773.30,816.00,773.30,799.90,,1.38,,9827054.50
2025-01-06,805.00,815.00,793.20,812.00,,1.51,,7597431.90
2025-01-07,801.40,828.00,801.40,806.00,,-0.74,,9188080.50
2025-01-08,790.00,850.00,790.00,840.00,,4.22,,11139480.80
2025-01-09,841.00,850.00,811.00,828.90,,-1.32,,7936816.80
2025-01-12,815.20,840.00,815.20,829.00,,0.01,,3225474.50
2025-01-13,817.20,823.00,790.70,805.00,,-2.9,,8258540.80
2025-01-15,812.90,830.00,801.00,820.10,,1.88,,6514951.50
2025-01-16,811.00,884.00,811.00,860.00,,4.87,,11386434.90
2025-01-19,860.00,874.00,830.50,849.00,,-1.28,,8786223.20
2025-01-20,833.00,865.00,827.00,843.00,,-0.71,,7130327.80
2025-01-21,830.20,863.00,830.20,850.00,,0.83,,19512700.80
2025-01-22,860.00,866.00,846.00,846.00,,-0.47,,10152704.20
2025-01-23,841.00,857.00,836.10,850.00,,0.47,,9368661.20
2025-01-26,845.10,922.00,842.00,898.00,,5.65,,19238889.00
2025-01-27,882.00,897.00,867.90,875.00,,-2.56,,6007119.60
2025-01-28,885.00,909.00,872.20,872.20,,-0.32,,11159997.10
2025-02-02,889.50,905.00,877.00,880.00,,0.89,,12912818.50
2025-02-03,880.10,907.00,870.10,890.00,,1.14,,9740679.20
2025-02-04,900.00,900.00,873.20,890.00,,0,,4380229.50
2025-02-05,875.20,895.00,872.20,879.00,,-1.24,,8122581.30
2025-02-06,865.30,882.00,865.30,866.00,,-1.48,,5300002.70
2025-02-09,866.00,898.80,855.00,860.10,,-0.68,,8037152.00
2025-02-10,858.00,872.00,858.00,859.00,,-0.13,,5381501.40
2025-02-11,859.00,865.00,848.10,859.60,,0.07,,4500841.90
2025-02-12,859.00,865.00,847.00,855.00,,-0.54,,5186067.80
2025-02-13,838.10,865.00,838.10,845.00,,-1.17,,4018094.60
2025-02-16,847.00,864.00,833.00,852.00,,0.83,,3415892.50
2025-02-17,852.00,871.00,852.00,865.00,,1.53,,6963667.50
2025-02-18,881.00,896.90,855.30,860.00,,-0.58,,6080226.00
2025-02-20,855.00,860.00,842.10,842.10,,-2.08,,5352514.00
2025-02-23,830.00,849.00,820.00,839.00,,-0.37,,3379341.50
2025-02-24,823.20,855.00,823.20,829.00,,-1.19,,2832019.50
2025-02-25,830.00,842.00,820.00,841.00,,1.45,,2885186.20
2025-02-27,835.00,843.00,824.00,843.00,,0.24,,4791193.70
2025-03-02,827.00,847.40,827.00,845.00,,0.24,,4768441.40
2025-03-03,860.00,860.00,825.10,825.10,,-2.36,,4376370.80
2025-03-04,809.00,839.00,809.00,833.00,,0.96,,1447624.00
2025-03-05,816.50,829.90,809.10,809.10,,-2.87,,3255365.10
2025-03-06,808.00,825.00,806.00,818.00,,1.1,,3265749.80
2025-03-09,812.00,813.00,789.00,804.00,,-1.71,,2703807.80
2025-03-10,792.00,816.00,790.30,812.00,,1,,2561638.50
2025-03-11,825.00,825.00,781.10,795.00,,-2.09,,2240941.00
2025-03-12,781.10,800.00,771.00,790.00,,-0.63,,3440693.00
2025-03-16,775.00,795.00,766.00,780.00,,-1.27,,1665944.50
2025-03-17,780.00,802.90,773.00,790.00,,1.28,,2133774.00
2025-03-18,782.00,787.00,756.60,764.00,,-3.29,,3080242.00
2025-03-19,764.00,807.90,764.00,781.30,,2.26,,3288019.50
2025-03-20,766.00,781.00,766.00,776.58,,-0.6,,782714.00
2025-03-23,761.50,761.50,719.60,726.23,,-6.48,,3517930.50
2025-03-24,726.00,770.00,712.50,748.00,,3,,2358028.50
2025-03-25,733.10,762.50,708.00,731.71,,-2.18,,1588993.00
2025-03-26,725.00,760.90,725.00,753.96,,3.04,,1421617.00
2025-03-27,738.90,799.00,738.00,798.70,,5.93,,1790792.60
2025-03-30,785.00,795.00,749.00,767.66,,-3.89,,6474716.10
2025-04-01,752.40,812.00,752.40,799.48,,4.15,,2361608.50
2025-04-02,783.50,790.30,765.00,790.30,,-1.15,,2525503.00
2025-04-03,775.10,783.00,762.00,765.19,,-3.18,,1550760.80
2025-04-07,750.10,826.00,735.00,797.93,,4.28,,1585029.00
2025-04-08,782.00,789.90,737.00,769.39,,-3.58,,1520957.00
2025-04-09,770.00,770.00,761.10,762.00,,-0.96,,344075.00
2025-04-10,761.00,761.00,740.00,746.16,,-2.08,,2117913.00
2025-04-13,735.00,773.90,735.00,768.19,,2.95,,1048784.30
2025-04-15,755.00,783.00,753.00,768.10,,-0.01,,1474308.00
2025-04-16,757.00,767.00,755.20,758.23,,-1.28,,776140.40
2025-04-17,750.20,770.00,746.00,752.73,,-0.73,,2546031.00
2025-04-20,750.00,765.00,750.00,756.69,,0.53,,1451914.00
2025-04-21,744.00,767.00,735.10,751.77,,-0.65,,2966362.00
2025-04-22,766.80,766.80,741.00,743.30,,-1.13,,1832653.50
2025-04-23,743.00,743.00,733.00,740.00,,-0.44,,350148.00
2025-04-24,727.60,740.20,725.20,726.85,,-1.78,,1542088.50
2025-04-27,718.00,741.00,700.00,705.24,,-2.97,,4059991.40
2025-04-28,700.00,770.00,700.00,711.24,,0.85,,983805.00
2025-04-29,711.00,721.00,711.00,714.64,,0.48,,1863922.30
2025-04-30,704.00,725.00,704.00,711.69,,-0.41,,1365342.50
2025-05-04,701.00,712.00,693.10,696.85,,-2.09,,5604751.00
2025-05-05,688.10,712.80,688.00,695.48,,-0.2,,1283185.00
2025-05-06,700.00,709.00,654.70,705.93,,1.5,,3001198.50
2025-05-07,691.90,720.00,691.90,712.00,,0.86,,2656500.90
2025-05-08,698.00,715.00,698.00,698.83,,-1.85,,453816.50
2025-05-11,695.00,705.00,695.00,696.72,,-0.3,,2483495.00
2025-05-13,696.00,721.10,690.00,692.02,,-0.67,,1075428.00
2025-05-14,705.80,705.80,691.70,692.00,,0,,1809369.00
2025-05-15,704.00,717.70,683.00,689.52,,-0.36,,1570855.80
2025-05-18,676.00,700.00,663.30,699.16,,1.4,,2219418.30
2025-05-19,685.30,708.00,685.30,706.50,,1.05,,4572810.50
2025-05-20,692.40,712.00,680.20,711.18,,0.66,,2545195.80
2025-05-21,725.00,725.00,692.20,700.00,,-1.57,,1107783.00
2025-05-22,686.30,700.00,686.30,687.93,,-1.72,,2258520.70
2025-05-25,675.00,700.00,665.20,685.99,,-0.28,,3190856.30
2025-05-26,680.00,682.00,673.00,673.00,,-1.89,,2395167.00
2025-05-27,661.00,693.60,661.00,665.00,,-1.19,,658634.90
2025-05-28,665.00,680.30,664.00,670.00,,0.75,,1413229.00
2025-06-02,661.10,676.20,641.00,653.00,,-2.54,,1918426.50
2025-06-03,640.00,689.70,640.00,663.62,,1.63,,2103349.00
2025-06-04,650.40,668.00,650.40,665.00,,0.21,,170652.00
2025-06-05,655.00,668.00,655.00,661.25,,-0.56,,296404.00
2025-06-08,650.10,688.50,650.10,683.84,,3.42,,2276416.70
2025-06-09,673.00,685.00,657.60,678.48,,-0.78,,1176882.20
2025-06-10,678.00,734.20,678.00,690.62,,1.79,,2737237.00
2025-06-11,680.00,704.00,677.00,677.76,,-1.86,,745231.00
2025-06-12,691.00,700.00,678.00,680.03,,0.33,,2163230.70
2025-06-15,693.50,707.00,680.30,683.99,,0.58,,3984196.10
2025-06-16,694.90,697.00,685.50,689.56,,0.81,,2496732.00
2025-06-17,690.10,690.30,666.40,673.11,,-2.39,,1031826.50
2025-06-18,674.00,680.00,673.00,678.33,,0.78,,782320.50
2025-06-19,665.00,675.00,660.00,664.98,,-1.97,,1164542.50
2025-06-22,658.00,671.00,650.00,651.68,,-2,,1395314.90
2025-06-23,652.00,652.00,643.00,650.00,,-0.26,,90910.00
2025-06-24,637.00,658.00,637.00,645.00,,-0.77,,1072112.00
2025-06-25,640.00,640.00,633.00,633.08,,-1.85,,381672.00
2025-06-26,640.00,642.90,630.00,641.06,,1.26,,1716855.00
2025-06-29,629.00,658.00,629.00,643.20,,0.33,,841427.00
2025-06-30,632.00,646.00,632.00,636.00,,-1.12,,281506.00
2025-07-01,628.00,638.00,628.00,630.17,,-0.92,,562280.50
2025-07-02,629.00,645.00,629.00,632.00,,0.29,,699272.50
2025-07-03,644.60,680.00,622.30,673.51,,6.57,,2320742.80
2025-07-06,668.00,675.00,646.00,648.53,,-3.71,,1400937.40
2025-07-07,640.00,674.60,631.00,633.45,,-2.33,,1981245.20
2025-07-08,646.00,671.80,636.00,659.24,,4.07,,5465517.60
2025-07-09,648.40,670.00,648.40,658.70,,-0.08,,562214.00
2025-07-10,646.50,663.30,646.50,653.63,,-0.77,,665233.00
2025-07-13,666.00,666.00,642.30,643.13,,-1.61,,703918.70
2025-07-14,650.00,659.90,645.00,658.14,,2.33,,2977516.00
2025-07-15,660.00,670.00,653.50,660.83,,0.41,,875770.70
2025-07-16,659.00,670.00,653.10,667.69,,1.04,,1041066.50
2025-07-17,679.00,717.00,668.00,686.19,,2.77,,3676566.60
2025-07-20,699.00,722.90,676.20,686.75,,0.08,,4090636.00
2025-07-21,681.00,713.00,680.10,691.33,,0.67,,1629379.30
2025-07-22,701.00,705.00,690.00,700.57,,1.34,,2180924.40
2025-07-23,691.00,705.00,688.00,700.00,,-0.08,,3763822.10
2025-07-24,711.80,713.00,686.00,690.00,,-1.33,,4338975.00
2025-07-27,695.00,705.00,680.00,684.39,,-1.37,,3927587.80
2025-07-28,675.00,698.00,665.00,680.75,,-0.53,,5941685.50
2025-07-29,668.00,736.00,668.00,707.13,,3.88,,23127899.70
2025-07-30,705.00,718.90,700.00,703.01,,-0.58,,9334541.80
2025-07-31,691.00,714.00,676.90,704.55,,0.22,,10430718.40
2025-08-03,699.90,713.00,677.20,681.82,,-3.23,,4007673.70
2025-08-04,690.00,695.00,671.30,679.90,,-0.28,,1675976.00
2025-08-05,667.50,693.50,660.00,667.76,,-1.79,,8875475.70
2025-08-06,660.00,670.00,650.00,651.64,,-2.41,,4201769.40
2025-08-07,663.00,663.00,636.00,652.82,,0.18,,3151832.60
2025-08-11,647.00,680.00,620.00,633.27,,-2.99,,24863553.90
2025-08-12,623.20,623.20,611.10,612.33,,-3.31,,8949502.70
2025-08-13,612.50,636.40,608.00,608.34,,-0.65,,7473196.00
2025-08-14,610.00,610.00,593.20,594.70,,-2.24,,9646698.50
2025-08-17,606.00,630.00,577.30,589.27,,-0.91,,4988080.20
2025-08-18,578.50,620.00,565.00,611.64,,3.8,,28105853.60
2025-08-19,605.00,623.80,600.10,606.56,,-0.83,,5107644.00
2025-08-20,598.10,601.00,596.00,600.20,,-1.05,,3008050.50
2025-08-21,588.20,599.00,570.00,573.00,,-4.53,,13959791.60
2025-08-24,571.10,591.00,570.00,571.24,,-0.31,,4910752.20
2025-08-25,566.20,585.80,555.00,575.67,,0.78,,7448324.00
2025-08-26,572.00,586.90,566.00,570.21,,-0.95,,1815323.00
2025-08-27,564.20,584.00,564.20,583.02,,2.25,,5000943.50
2025-08-28,572.20,592.50,561.00,567.79,,-2.61,,7569063.50
2025-08-31,560.00,583.00,560.00,560.20,,-1.34,,1589380.40
2025-09-01,559.00,570.00,558.00,563.83,,0.65,,5712913.80
2025-09-02,560.30,565.00,556.20,558.11,,-1.01,,1342932.00
2025-09-03,562.00,565.00,550.00,551.94,,-1.11,,3319088.70
2025-09-04,541.00,555.00,531.10,544.19,,-1.4,,4122603.90
2025-09-07,535.10,545.00,519.10,526.05,,-3.33,,3855896.00
2025-09-08,521.00,536.00,515.00,517.38,,-1.65,,4392216.00
2025-09-18,507.10,507.10,507.10,507.10,,-1.99,,5071.00
2025-09-21,497.00,518.00,481.00,504.41,,-0.53,,6498646.40
2025-09-23,514.00,554.00,505.00,554.00,,9.83,,5712675.20
2025-09-24,543.00,584.90,536.40,560.00,,1.08,,3872355.40
2025-09-25,558.00,558.00,527.10,537.00,,-4.11,,4350232.40
2025-09-28,546.00,549.00,528.00,544.00,,1.3,,2811112.70
2025-10-07,533.20,550.00,516.00,548.00,,0.74,,1997335.00
2025-10-08,537.10,537.10,507.00,518.00,,-5.47,,3807298.70
2025-10-09,528.30,549.00,518.00,524.70,,1.29,,1863628.60
2025-10-12,515.00,515.00,485.10,514.00,,-2.04,,3693495.30
2025-10-13,505.00,515.00,495.30,510.00,,-0.78,,3342219.20
2025-10-14,510.00,517.90,490.00,498.00,,-2.35,,2125282.60
2025-10-15,495.00,504.90,488.50,489.10,,-1.79,,1503909.00
2025-10-16,482.30,508.00,482.20,497.00,,1.62,,996168.00
2025-10-19,500.00,500.00,488.00,494.00,,-0.6,,1579660.80
2025-10-26,494.00,494.00,485.10,485.60,,-1.7,,807138.10
2025-10-28,477.10,514.90,477.10,504.60,,3.91,,3207661.60
2025-10-29,514.00,523.00,495.90,504.70,,0.02,,1213887.00
2025-10-30,504.00,524.20,487.10,521.00,,3.23,,5031690.10
2025-11-02,512.10,552.00,512.10,530.00,,1.73,,7475687.70
2025-11-03,519.40,553.40,515.00,529.00,,-0.19,,11669134.80
2025-11-04,539.50,539.50,516.00,516.10,,-2.44,,1603937.00
2025-11-05,506.00,526.00,506.00,513.10,,-0.58,,2113982.00
2025-11-06,512.50,518.00,511.00,515.00,,0.37,,1540468.00
2025-11-09,505.30,513.00,500.00,507.90,,-1.38,,1546070.10
2025-11-10,505.00,510.00,495.10,504.00,,-0.77,,2667423.40
2025-11-11,514.00,514.00,500.00,500.00,,-0.79,,1577367.90
2025-11-12,496.30,503.00,496.00,503.00,,0.6,,1984451.60
2025-11-13,493.30,505.00,493.30,505.00,,0.4,,839490.00
2025-11-16,495.10,504.00,495.00,496.00,,-1.78,,1308121.00
2025-11-17,488.10,505.00,488.10,493.30,,-0.54,,1734487.00
2025-11-18,483.50,510.00,483.50,504.00,,2.17,,3197011.80
2025-11-19,498.10,505.00,498.10,505.00,,0.2,,1865690.80
2025-11-20,500.00,517.00,497.00,514.90,,1.96,,9047027.20
2025-11-23,524.00,540.00,516.00,540.00,,4.87,,9004776.90
2025-11-24,540.00,562.00,540.00,549.90,,1.83,,19037285.30
2025-11-25,550.00,555.90,540.20,555.00,,0.93,,11594595.50
2025-11-26,546.00,555.00,545.00,552.90,,-0.38,,4195409.00
2025-11-27,545.10,552.00,540.00,540.00,,-2.33,,5903341.30
2025-11-30,535.00,546.00,522.00,523.00,,-3.15,,6248900.90
2025-12-01,525.00,542.00,525.00,539.50,,3.15,,4913709.80
2025-12-02,550.00,550.20,537.00,537.00,,-0.46,,3516561.00
2025-12-03,537.00,547.70,531.00,547.70,,1.99,,8089997.80
2025-12-07,540.00,542.00,530.10,536.00,,-2.14,,4300212.70
2025-12-08,527.10,540.00,527.00,528.00,,-1.49,,2203000.60
2025-12-09,528.20,534.90,517.50,530.80,,0.53,,4655015.00
2025-12-10,524.00,539.90,514.00,531.50,,0.13,,5367348.00
2025-12-11,521.00,530.00,520.00,530.00,,-0.28,,697425.00
2025-12-14,526.00,530.00,520.00,520.30,,-1.83,,1253636.60
2025-12-15,520.00,531.00,517.20,523.50,,0.62,,5332690.10
2025-12-16,520.00,544.00,520.00,543.00,,3.72,,7506321.90
2025-12-17,545.00,559.90,540.00,555.00,,2.21,,11587200.40
2025-12-18,560.00,564.60,550.00,550.00,,-0.9,,10388653.00
2025-12-21,561.00,561.00,540.00,545.00,,-0.91,,4957132.00
2025-12-22,555.90,555.90,542.00,545.00,,0,,12259388.10
2025-12-23,542.00,579.00,542.00,577.50,,5.96,,38986508.80
2025-12-24,580.00,588.00,565.00,566.00,,-1.99,,7061742.50
2025-12-28,567.00,585.00,551.00,580.00,,2.47,,26481034.20
2025-12-29,575.00,585.00,563.00,566.90,,-2.26,,13479608.80
2025-12-31,558.00,575.00,553.00,560.00,,-1.22,,13024849.50
2026-01-01,569.90,569.90,540.70,543.00,,-3.04,,12528960.60
2026-01-04,542.50,558.00,540.10,558.00,,2.76,,6948956.40
2026-01-05,567.00,569.00,547.50,565.00,,1.25,,14131760.20
2026-01-06,570.00,585.00,568.00,574.90,,1.75,,19919444.30
2026-01-07,575.00,603.90,575.00,590.00,,2.63,,29965578.30
2026-01-08,594.50,596.00,585.60,594.50,,0.76,,14374544.30
2026-01-12,595.00,595.00,575.00,579.00,,-2.61,,13102671.00
2026-01-13,579.00,588.80,566.90,578.30,,-0.12,,7416463.70
2026-01-14,575.00,578.00,561.00,573.00,,-0.92,,8373730.30
2026-01-18,570.00,581.00,565.00,569.00,,-0.7,,5500214.30
2026-01-20,580.00,580.00,569.00,575.00,,1.05,,8577261.90
2026-01-21,570.00,581.00,567.10,568.70,,-1.1,,5493443.00
2026-01-22,563.00,578.00,563.00,574.00,,0.93,,8959813.80
2026-01-25,580.00,587.90,571.20,581.00,,1.22,,13439743.70
2026-01-26,579.00,586.00,572.00,575.00,,-1.03,,10468844.70
2026-01-27,580.00,591.00,565.00,577.00,,0.35,,14378206.90
2026-01-28,566.00,619.00,566.00,618.00,,7.11,,27087234.60
2026-01-29,630.00,630.30,599.00,600.10,,-2.9,,27505940.10
2026-02-01,589.00,600.00,576.50,580.00,,-3.35,,10848087.40
2026-02-02,580.00,590.00,574.40,576.10,,-0.67,,6236438.40
2026-02-03,577.00,596.30,572.00,579.90,,0.66,,10363994.20
2026-02-04,580.00,595.00,579.00,585.00,,0.88,,8043453.80
2026-02-05,596.70,596.70,582.00,587.00,,0.34,,9477570.60
2026-02-08,597.70,598.00,578.00,578.90,,-1.38,,3514213.20
2026-02-09,572.50,583.40,572.00,574.30,,-0.79,,4237128.40
2026-02-10,583.00,584.00,563.00,565.00,,-1.62,,5872318.10
2026-02-11,570.00,572.00,562.00,564.00,,-0.18,,3804803.30
2026-02-12,555.00,573.40,550.00,555.00,,-1.6,,13350908.90
2026-02-16,566.00,566.00,548.80,555.00,,0,,7987704.10
2026-02-17,549.00,558.50,524.00,542.00,,-2.34,,7344741.00
2026-02-22,538.00,538.00,530.00,530.10,,-2.2,,3975061.10
2026-02-23,540.00,540.00,525.00,533.80,,0.7,,1800539.80
2026-02-24,535.00,536.40,531.00,536.00,,0.41,,1114607.10
2026-02-25,531.10,540.50,531.00,535.00,,-0.19,,2246248.80
2026-02-26,540.00,540.00,532.00,534.50,,-0.09,,2692862.80
2026-03-01,534.00,542.00,532.00,540.00,,1.03,,3122835.00
2026-03-03,537.00,552.90,537.00,550.00,,1.85,,3566587.00
2026-03-09,561.00,561.00,561.00,561.00,,2,,5610.00
2026-03-10,572.20,583.60,560.00,563.50,,0.45,,19348635.10
2026-03-11,573.00,575.00,565.00,569.00,,0.98,,7642104.80
2026-03-12,573.90,574.00,560.00,571.90,,0.51,,8421237.10
2026-03-15,564.50,575.50,564.50,566.30,,-0.98,,5017605.40
2026-03-16,560.20,575.00,560.20,569.90,,0.64,,6063173.50
2026-03-17,575.00,586.50,564.00,579.80,,1.74,,10252439.50
2026-03-19,585.00,602.90,575.00,580.00,,0.03,,19061031.20
2026-03-22,590.00,590.00,564.00,570.00,,-1.72,,19061031.20
2026-03-23,568.20,578.00,565.10,571.90,,0.33,,5432024.70
2026-03-24,560.50,580.00,560.50,575.90,,0.7,,7692781.50
2026-03-25,575.00,581.90,566.40,566.40,,-1.65,,4876037.70
2026-03-26,566.40,573.00,566.10,568.00,,0.28,,4686620.50
2026-03-29,568.00,573.00,550.00,553.00,,-2.64,,8096110.20
2026-03-30,547.00,562.00,545.00,550.00,,-0.54,,5660970.10
2026-03-31,561.00,561.00,544.50,554.10,,0.75,,2879229.60
2026-04-01,550.00,550.00,535.00,543.90,,-1.84,,4158796.80
2026-04-02,534.10,543.80,524.00,542.00,,-0.35,,3250813.60
2026-04-05,533.00,533.00,508.00,510.00,,-5.9,,4267677.00
2026-04-06,505.00,535.50,500.00,525.00,,2.94,,4449451.30
2026-04-07,517.00,535.50,517.00,518.00,,-1.33,,3409336.60
